Date,Time,CO(GT),PT08.S1(CO),NMHC,C6H6(GT),PT08.S2(NMHC),NOx(GT),PT08.S3(NOx),NO2(GT),PT08.S4(NO2),PT08.S5(O3),T,RH,AH
3/10/2004,18:00:00,2.6,1360,150,11.9,1046,166,1056,113,1692,1268,13.6,48.9,0.7578
3/10/2004,19:00:00,2,1292,112,9.4,955,103,1174,92,1559,972,13.3,47.7,0.7255
3/10/2004,20:00:00,2.2,1402,88,9,939,131,1140,114,1555,1074,11.9,54,0.7502
3/10/2004,21:00:00,2.2,1376,80,9.2,948,172,1092,122,1584,1203,11,60,0.7867
3/10/2004,22:00:00,1.6,1272,51,6.5,836,131,1205,116,1490,1110,11.2,59.6,0.7888
3/10/2004,23:00:00,1.2,1197,38,4.7,750,89,1337,96,1393,949,11.2,59.2,0.7848
3/11/2004,0:00:00,1.2,1185,31,3.6,690,62,1462,77,1333,733,11.3,56.8,0.7603
3/11/2004,1:00:00,1,1136,31,3.3,672,62,1453,76,1333,730,10.7,60,0.7702
3/11/2004,2:00:00,0.9,1094,24,2.3,609,45,1579,60,1276,620,10.7,59.7,0.7648
3/11/2004,3:00:00,0.6,1010,19,1.7,561,-200,1705,-200,1235,501,10.3,60.2,0.7517
3/11/2004,4:00:00,-200,1011,14,1.3,527,21,1818,34,1197,445,10.1,60.5,0.7465
3/11/2004,5:00:00,0.7,1066,8,1.1,512,16,1918,28,1182,422,11,56.2,0.7366
3/11/2004,6:00:00,0.7,1052,16,1.6,553,34,1738,48,1221,472,10.5,58.1,0.7353
3/11/2004,7:00:00,1.1,1144,29,3.2,667,98,1490,82,1339,730,10.2,59.6,0.7417
3/11/2004,8:00:00,2,1333,64,8,900,174,1136,112,1517,1102,10.8,57.4,0.7408
3/11/2004,9:00:00,2.2,1351,87,9.5,960,129,1079,101,1583,1028,10.5,60.6,0.7691
3/11/2004,10:00:00,1.7,1233,77,6.3,827,112,1218,98,1446,860,10.8,58.4,0.7552
3/11/2004,11:00:00,1.5,1179,43,5,762,95,1328,92,1362,671,10.5,57.9,0.7352
3/11/2004,12:00:00,1.6,1236,61,5.2,774,104,1301,95,1401,664,9.5,66.8,0.7951
3/11/2004,13:00:00,1.9,1286,63,7.3,869,146,1162,112,1537,799,8.3,76.4,0.8393
3/11/2004,14:00:00,2.9,1371,164,11.5,1034,207,983,128,1730,1037,8,81.1,0.8736
3/11/2004,15:00:00,2.2,1310,79,8.8,933,184,1082,126,1647,946,8.3,79.8,0.8778
3/11/2004,16:00:00,2.2,1292,95,8.3,912,193,1103,131,1591,957,9.7,71.2,0.8569
3/11/2004,17:00:00,2.9,1383,150,11.2,1020,243,1008,135,1719,1104,9.8,67.6,0.8185
3/11/2004,18:00:00,4.8,1581,307,20.8,1319,281,799,151,2083,1409,10.3,64.2,0.8065
3/11/2004,19:00:00,6.9,1776,461,27.4,1488,383,702,172,2333,1704,9.7,69.3,0.8319
3/11/2004,20:00:00,6.1,1640,401,24,1404,351,743,165,2191,1654,9.6,67.8,0.8133
3/11/2004,21:00:00,3.9,1313,197,12.8,1076,240,957,136,1707,1285,9.1,64,0.7419
3/11/2004,22:00:00,1.5,965,61,4.7,749,94,1325,85,1333,821,8.2,63.4,0.6905
3/11/2004,23:00:00,1,913,26,2.6,629,47,1565,53,1252,552,8.2,60.8,0.6657
3/12/2004,0:00:00,1.7,1080,55,5.9,805,122,1254,97,1375,816,8.3,58.5,0.6438
3/12/2004,1:00:00,1.9,1044,53,6.4,829,133,1247,110,1378,832,7.7,59.7,0.6308
3/12/2004,2:00:00,1.4,988,40,4.1,718,82,1396,91,1304,692,7.1,61.8,0.6276
3/12/2004,3:00:00,0.8,889,21,1.9,574,-200,1680,-200,1187,512,7,62.3,0.6261
3/12/2004,4:00:00,-200,831,10,1.1,506,21,1893,32,1134,384,6.1,65.9,0.6248
3/12/2004,5:00:00,0.6,847,7,1,501,30,1895,44,1155,394,6.3,65,0.6233
3/12/2004,6:00:00,0.8,927,17,1.8,571,56,1685,71,1223,487,6.8,62.9,0.6234
3/12/2004,7:00:00,1.4,1091,33,4.4,730,109,1387,104,1361,748,6.4,65.1,0.6316
3/12/2004,8:00:00,4.4,1587,202,17.9,1236,307,897,141,1900,1400,7.3,63.1,0.6499
3/12/2004,9:00:00,-200,1545,-200,22.1,1353,-200,767,-200,2058,1588,9.2,56.2,0.6561
3/12/2004,10:00:00,3.1,1350,208,14,1118,187,912,122,1712,1237,13.2,41.7,0.632
3/12/2004,11:00:00,2.7,1263,166,11.6,1037,216,969,143,1598,1167,14.3,38.4,0.6243
3/12/2004,12:00:00,2.1,1206,114,10.2,986,143,1035,113,1537,959,15,36.5,0.6195
3/12/2004,13:00:00,2.5,1252,140,11,1016,160,1008,116,1593,983,16.1,34.5,0.6262
3/12/2004,14:00:00,2.7,1287,169,12.8,1078,163,949,123,1660,1061,16.3,35.7,0.656
3/12/2004,15:00:00,2.9,1353,185,14.2,1122,190,922,126,1740,1139,15.8,37,0.661
3/12/2004,16:00:00,2.8,1309,165,12.7,1073,178,954,120,1657,1112,15.9,37.2,0.6657
3/12/2004,17:00:00,2.4,1274,133,11.7,1041,150,1006,119,1610,994,16.9,34.3,0.6549
3/12/2004,18:00:00,3.9,1510,233,19.3,1277,206,812,149,1910,1410,15.1,39.6,0.6766
3/12/2004,19:00:00,3.7,1525,242,18.2,1246,202,821,145,1847,1448,14.4,43.4,0.7084
3/12/2004,20:00:00,6.6,1843,488,32.6,1610,340,624,170,2390,1887,12.9,50.5,0.7478
3/12/2004,21:00:00,4.4,1598,333,20.1,1299,274,752,149,1941,1627,12.1,53.3,0.7536
3/12/2004,22:00:00,3.5,1484,215,14.3,1127,253,839,139,1723,1491,11,59.1,0.774
3/12/2004,23:00:00,5.4,1677,367,21.8,1346,300,741,134,2062,1657,9.7,64.6,0.7771
3/13/2004,0:00:00,2.7,1280,122,9.6,964,193,963,113,1544,1285,9.5,64.1,0.7597
3/13/2004,1:00:00,1.9,1196,67,7.4,873,139,1071,97,1463,1144,9.1,63.9,0.7423
3/13/2004,2:00:00,1.6,1184,43,5.4,782,83,1176,82,1365,1043,8.8,63.9,0.7256
3/13/2004,3:00:00,1.7,1172,46,5.4,783,-200,1179,-200,1380,996,7.8,67.5,0.7173
3/13/2004,4:00:00,-200,1147,56,6.2,821,109,1132,83,1412,992,7,71.1,0.7158
3/13/2004,5:00:00,1,978,30,2.6,625,62,1420,65,1274,819,8.3,63.6,0.6982
3/13/2004,6:00:00,1.2,1100,27,2.9,646,53,1406,60,1268,835,7.2,67.5,0.6887
3/13/2004,7:00:00,1.5,1112,47,5.1,770,139,1228,77,1409,940,6.3,71.9,0.6932
3/13/2004,8:00:00,2.7,1336,132,11.8,1043,256,935,96,1678,1192,6.5,71.6,0.6945
3/13/2004,9:00:00,3.7,1408,239,15.1,1153,295,830,119,1777,1411,9.6,59.7,0.7124
3/13/2004,10:00:00,3.2,1447,160,12.9,1081,250,869,126,1667,1465,12.4,51.2,0.7335
3/13/2004,11:00:00,4.1,1542,283,16.1,1184,296,808,158,1780,1583,15.6,42.2,0.7451
3/13/2004,12:00:00,3.6,1451,210,14,1117,239,875,161,1679,1387,18.4,33.8,0.709
3/13/2004,13:00:00,2.8,1328,154,12.3,1059,153,987,124,1600,1101,19.4,31.3,0.695
3/13/2004,14:00:00,2,1207,112,8.6,924,118,1088,102,1488,850,18,34.8,0.7127
3/13/2004,15:00:00,2,1240,108,9.2,947,119,1049,116,1532,947,18.4,33.6,0.7042
3/13/2004,16:00:00,2.5,1306,111,10.2,987,138,1004,124,1554,1078,17.6,35.1,0.7012
3/13/2004,17:00:00,2.3,1326,97,10.6,1000,148,976,125,1602,1084,16.7,37.8,0.7117
3/13/2004,18:00:00,3.2,1473,191,15.5,1163,227,831,148,1779,1395,16.1,41,0.7451
3/13/2004,19:00:00,4.2,1609,258,19.6,1286,277,758,165,1922,1612,15.8,42.4,0.7569
3/13/2004,20:00:00,4.2,1611,284,19.2,1274,279,754,161,1915,1697,15.7,44.1,0.7786
3/13/2004,21:00:00,4.2,1621,269,18.3,1247,283,762,159,1860,1886,15.3,46.8,0.8091
3/13/2004,22:00:00,3.1,1444,180,13.1,1089,214,844,143,1748,1624,14.6,48.6,0.806
3/13/2004,23:00:00,2.6,1418,116,10.9,1010,172,892,130,1603,1536,14.7,49.3,0.8193
3/14/2004,0:00:00,2.9,1534,93,11,1013,190,889,129,1611,1535,13.9,53.6,0.8498
3/14/2004,1:00:00,2.8,1484,131,11.9,1045,174,880,119,1624,1530,14.6,51.5,0.8536
3/14/2004,2:00:00,2.5,1367,92,8.6,925,128,953,104,1543,1337,12.5,58.9,0.8537
3/14/2004,3:00:00,2.4,1344,132,9.7,968,-200,921,-200,1620,1278,11.6,63.4,0.8674
3/14/2004,4:00:00,-200,1130,56,5.2,773,70,1130,82,1452,1051,12.1,61.1,0.8603
3/14/2004,5:00:00,1.2,1062,32,3.7,691,53,1272,70,1377,929,11.5,63.1,0.8533
3/14/2004,6:00:00,1,1076,29,2.5,618,44,1395,63,1333,872,11.6,62.2,0.8473
3/14/2004,7:00:00,0.9,1028,27,2.4,615,74,1384,67,1340,853,10.4,67.6,0.853
3/14/2004,8:00:00,1.4,1155,36,4.2,722,101,1225,84,1414,959,11.6,62.7,0.853
3/14/2004,9:00:00,1.6,1235,57,6.4,828,118,1055,83,1527,1093,12.4,60,0.8627
3/14/2004,10:00:00,2.2,1332,129,8.6,923,144,952,98,1614,1225,14.5,53.1,0.8728
3/14/2004,11:00:00,2.8,1445,148,10.9,1009,176,878,114,1696,1355,16.9,46.1,0.8789
3/14/2004,12:00:00,2.8,1416,145,10.7,1002,161,907,119,1677,1262,19.3,38.3,0.8474
3/14/2004,13:00:00,2,1281,93,7.5,880,113,1084,104,1525,980,21.2,31.4,0.7812
3/14/2004,14:00:00,1.8,1207,84,7.5,879,103,1104,102,1490,872,21.4,30.2,0.7616
3/14/2004,15:00:00,1.9,1258,99,8.2,906,112,1081,107,1511,900,21.9,29,0.7525
3/14/2004,16:00:00,3,1458,150,11.9,1045,170,974,129,1646,1099,22.2,28.4,0.7516
3/14/2004,17:00:00,2.9,1438,156,12,1051,180,943,128,1668,1206,21.3,30.8,0.7696
3/14/2004,18:00:00,2.5,1478,122,12.2,1055,160,929,121,1671,1262,19.7,36.7,0.8307
3/14/2004,19:00:00,4.6,1808,262,20.6,1312,261,753,157,1993,1698,18.4,41.7,0.8732
3/14/2004,20:00:00,5.9,1898,341,23.1,1381,325,681,173,2103,1905,17.6,46.1,0.921
3/14/2004,21:00:00,3.4,1560,214,14.7,1140,217,784,146,1818,1648,16.7,49.6,0.932
3/14/2004,22:00:00,2.1,1324,100,9,940,146,924,121,1587,1423,16.3,51,0.9341
3/14/2004,23:00:00,2.2,1349,79,8.8,933,152,933,119,1617,1349,14.7,55.9,0.9314
3/15/2004,0:00:00,1.8,1239,66,7.4,872,104,985,99,1547,1250,14.8,54.7,0.9164
3/15/2004,1:00:00,1.8,1239,73,6.9,853,106,1010,93,1543,1174,14,57,0.9094
3/15/2004,2:00:00,1.8,1224,66,7,855,108,998,88,1566,1149,13.4,61.3,0.9361
3/15/2004,3:00:00,1.1,1078,44,4.4,734,-200,1128,-200,1487,1021,12.6,63.5,0.923
3/15/2004,4:00:00,-200,1078,44,4,711,66,1150,71,1468,1013,12.3,65.4,0.9351
3/15/2004,5:00:00,1,1075,39,3.9,703,88,1156,74,1464,1010,11.9,67.4,0.9375
3/15/2004,6:00:00,1.4,1157,51,6.4,830,138,1030,80,1584,1083,11.4,70.5,0.9475
3/15/2004,7:00:00,2.2,1314,107,9.7,966,228,897,89,1710,1235,11.3,70.2,0.9401
3/15/2004,8:00:00,5.5,1797,336,25.9,1451,360,652,114,2323,1680,12.4,63.9,0.917
3/15/2004,9:00:00,8.1,1961,618,36.7,1701,478,537,149,2665,2184,14.8,54.3,0.9076
3/15/2004,10:00:00,5.8,1771,438,26.6,1470,394,622,157,2262,1973,17.4,45.6,0.8993
3/15/2004,11:00:00,4.2,1564,334,20.1,1300,319,710,155,2029,1798,19.8,38.5,0.8801
3/15/2004,12:00:00,3.1,1430,221,14.1,1120,201,831,134,1783,1522,22,34.1,0.8904
3/15/2004,13:00:00,2.9,1417,207,14.9,1146,171,830,119,1831,1404,23.3,32.2,0.9096
3/15/2004,14:00:00,2.9,1400,191,15.4,1162,159,838,111,1829,1263,23.9,30,0.8757
3/15/2004,15:00:00,2.5,1317,185,12.1,1053,153,926,104,1707,1137,24.4,28.9,0.8736
3/15/2004,16:00:00,2.3,1318,141,11.5,1033,143,950,99,1675,1068,24.4,29.4,0.8848
3/15/2004,17:00:00,2.8,1445,214,14.8,1141,156,857,110,1824,1252,23.8,31.3,0.9137
3/15/2004,18:00:00,6.1,1917,471,32.1,1601,314,631,162,2447,1843,22.5,35.4,0.9547
3/15/2004,19:00:00,8,2040,685,39.2,1754,404,542,187,2679,2122,20.4,42.5,1.0086
3/15/2004,20:00:00,6.5,1895,538,31,1573,320,565,165,2443,1992,18.3,52.6,1.0945
3/15/2004,21:00:00,4.2,1595,319,19.9,1294,256,678,145,2058,1707,16.7,57.4,1.0786
3/15/2004,22:00:00,3.2,1439,224,15.3,1159,193,764,125,1856,1494,15.7,60.2,1.0654
3/15/2004,23:00:00,1.4,1142,67,6.9,852,89,1008,101,1547,1164,15.3,61.4,1.058
3/16/2004,0:00:00,2.1,1304,155,11.1,1019,127,852,103,1731,1272,14.1,65.7,1.0494
3/16/2004,1:00:00,1.2,1074,49,5.4,784,79,1098,88,1483,1040,14.8,60.6,1.0148
3/16/2004,2:00:00,0.8,968,29,2.8,640,43,1320,61,1386,867,14.8,59.2,0.9879
3/16/2004,3:00:00,0.7,929,25,2.3,608,-200,1376,-200,1364,826,13.6,62.1,0.9636
3/16/2004,4:00:00,-200,941,25,2.6,626,59,1316,59,1373,840,12.3,66.2,0.945
3/16/2004,5:00:00,0.6,937,17,2,585,38,1412,52,1348,793,12.8,63.2,0.9283
3/16/2004,6:00:00,0.9,1017,27,3.5,681,82,1246,64,1418,870,11.2,68.5,0.9081
3/16/2004,7:00:00,1.3,1171,50,5.1,770,99,1162,70,1467,930,11,66.5,0.8705
3/16/2004,8:00:00,3.4,1541,218,16.2,1185,263,770,97,1889,1407,11.7,63.7,0.8719
3/16/2004,9:00:00,3.7,1539,285,19.7,1287,229,698,95,2055,1507,13.6,56.3,0.8743
3/16/2004,10:00:00,5.3,1735,437,25.1,1431,396,628,150,2211,1843,17.8,42.9,0.8672
3/16/2004,11:00:00,4.1,1571,327,20,1297,314,730,162,1973,1729,21.4,33.3,0.8417
3/16/2004,12:00:00,3.3,1452,283,18.3,1250,217,776,154,1868,1583,24.4,27.4,0.8231
3/16/2004,13:00:00,4,1579,366,22.3,1359,252,724,161,1998,1671,25.3,26.1,0.8264
3/16/2004,14:00:00,3.8,1466,318,20.4,1309,263,773,161,1897,1491,25.8,23.2,0.7589
3/16/2004,15:00:00,2.8,1280,228,14.6,1136,180,893,128,1675,1240,27,20.2,0.7094
3/16/2004,16:00:00,2.9,1407,201,16.6,1197,184,905,129,1759,1313,28.2,18.6,0.7014
3/16/2004,17:00:00,2.9,1389,199,15.8,1173,190,898,133,1739,1363,28,19.1,0.7098
3/16/2004,18:00:00,3.4,1447,237,17.8,1235,184,859,139,1778,1296,23.9,25.7,0.7519
3/16/2004,19:00:00,3.9,1551,261,19.1,1271,181,800,137,1875,1432,21.3,34.8,0.873
3/16/2004,20:00:00,3.2,1474,230,15.8,1173,166,854,143,1776,1432,20.4,36.7,0.8704
3/16/2004,21:00:00,5.1,1800,349,24.9,1426,317,700,177,2106,2034,19,41.3,0.9007
3/16/2004,22:00:00,2.6,1379,183,13.5,1101,184,818,138,1710,1602,17.9,45.9,0.9342
3/16/2004,23:00:00,1.7,1201,88,9.1,943,130,935,117,1560,1362,16.7,48.9,0.9226
3/17/2004,0:00:00,1.7,1205,85,8.6,925,132,922,107,1547,1314,15.5,52.9,0.9271
3/17/2004,1:00:00,1.2,1072,47,5.4,784,95,1066,90,1442,1114,15.5,51.9,0.9059
3/17/2004,2:00:00,0.9,998,34,4.1,714,70,1169,79,1383,992,14.1,55.6,0.891
3/17/2004,3:00:00,0.7,933,26,2.6,625,-200,1292,-200,1332,884,13.1,57.9,0.8666
3/17/2004,4:00:00,-200,883,17,1.9,577,54,1396,60,1303,808,12.7,57.9,0.8447
3/17/2004,5:00:00,0.5,869,11,1.6,554,28,1460,40,1268,667,11.8,58,0.8026
3/17/2004,6:00:00,0.5,891,18,1.9,576,46,1417,53,1289,733,11.9,57.4,0.7978
3/17/2004,7:00:00,1.6,1173,84,7.5,878,160,1038,84,1556,1052,9.9,65.2,0.7956
3/17/2004,8:00:00,4.1,1587,260,21.4,1334,320,702,108,1999,1534,11.1,60.2,0.7958
3/17/2004,9:00:00,6.6,1852,534,36.4,1696,377,553,127,2535,1931,14.1,50,0.802
3/17/2004,10:00:00,4.3,1522,368,21.3,1331,280,703,134,2026,1734,17.7,40.1,0.8048
3/17/2004,11:00:00,2.9,1438,200,15.4,1161,221,819,135,1782,1595,21.1,33.4,0.8265
3/17/2004,12:00:00,2.5,1393,145,12.5,1067,210,905,142,1654,1490,24.3,28.3,0.8471
3/17/2004,13:00:00,2.8,1452,188,15.1,1152,204,861,153,1747,1508,25.6,25.6,0.8254
3/17/2004,14:00:00,2.6,1389,152,13.7,1108,161,887,123,1712,1334,25.9,25.9,0.8503
3/17/2004,15:00:00,2,1207,103,10.4,994,135,1013,104,1520,1045,26.8,18.7,0.65
3/17/2004,16:00:00,2.9,1365,193,15.2,1154,186,940,129,1679,1221,29.3,15.8,0.6309
3/17/2004,17:00:00,2.5,1247,134,12.3,1060,147,1032,114,1525,1069,28.5,14.9,0.5708
3/17/2004,18:00:00,5,1557,386,27,1478,299,793,158,1981,1569,25.9,16,0.5237
3/17/2004,19:00:00,7.6,1973,577,38.4,1737,411,617,194,2414,2306,23.1,26.5,0.7403
3/17/2004,20:00:00,6.7,1975,523,35.1,1667,347,597,182,2416,2359,20.5,38.2,0.9133
3/17/2004,21:00:00,5.7,1795,472,27.2,1485,336,653,180,2174,2050,19.1,42.6,0.9294
3/17/2004,22:00:00,2.8,1444,206,15,1150,202,770,136,1727,1727,17.2,44.1,0.8558
3/17/2004,23:00:00,2.6,1488,216,15.7,1171,178,731,127,1778,1705,16,50.9,0.9206
3/18/2004,0:00:00,2.3,1371,159,13,1083,154,796,116,1669,1551,14.8,53.9,0.9024
3/18/2004,1:00:00,1.4,1161,70,8.1,904,92,947,107,1502,1240,14.3,55.4,0.8975
3/18/2004,2:00:00,1,1064,44,5.5,787,61,1057,88,1407,1115,14.8,52.1,0.8686
3/18/2004,3:00:00,0.7,970,42,3.6,687,-200,1196,-200,1351,969,13.9,53.9,0.8501
3/18/2004,4:00:00,-200,954,28,2.9,645,60,1260,78,1334,925,11.6,61.9,0.8442
3/18/2004,5:00:00,0.6,931,20,2.5,623,37,1293,57,1307,828,12,58.9,0.8233
3/18/2004,6:00:00,0.7,938,26,3,650,68,1251,71,1333,893,10.9,62.1,0.8113
3/18/2004,7:00:00,1.5,1166,78,7.7,885,139,1005,85,1551,1075,10.6,63.3,0.8067
3/18/2004,8:00:00,4.7,1643,319,23.3,1384,339,667,124,2094,1610,11.5,60,0.8117
3/18/2004,9:00:00,6.6,1934,506,35.8,1682,421,541,151,2468,2051,14.3,50.6,0.8186
3/18/2004,10:00:00,4.5,1617,-200,21.3,1333,349,686,150,2010,1819,17.8,40.5,0.821
3/18/2004,11:00:00,2.8,1473,-200,14.3,1127,224,831,152,1752,1568,20.8,34.4,0.8365
3/18/2004,12:00:00,2.2,1379,-200,12.5,1068,171,899,139,1663,1374,23.8,28.2,0.8219
3/18/2004,13:00:00,2.2,1385,-200,12.2,1056,149,891,133,1648,1268,24.2,28.7,0.8515
3/18/2004,14:00:00,2.3,1379,-200,13.1,1087,137,901,126,1660,1144,25.2,24.9,0.7829
3/18/2004,15:00:00,2.2,1322,-200,14.4,1129,149,934,128,1639,1109,27,17.8,0.6275
3/18/2004,16:00:00,2.8,1496,-200,16.8,1205,172,822,169,1767,1347,27.1,23.1,0.818
3/18/2004,17:00:00,2.7,1409,-200,14.5,1131,166,873,149,1689,1206,25.8,23.9,0.7832
3/18/2004,18:00:00,3.7,1513,-200,21.5,1338,214,764,156,1957,1397,23,26.8,0.7446
3/18/2004,19:00:00,5.1,1667,-200,26.4,1464,280,683,168,2118,1588,20.7,31.1,0.7523
3/18/2004,20:00:00,5.1,1667,-200,26,1453,276,684,176,2051,1569,18.6,36.2,0.7676
3/18/2004,21:00:00,3.2,1430,-200,14.1,1121,178,814,135,1732,1322,16,48.4,0.8768
3/18/2004,22:00:00,2.1,1333,-200,10.3,989,129,885,121,1621,1194,14.5,57.8,0.9456
3/18/2004,23:00:00,1.7,1262,-200,8.3,911,95,948,99,1545,1062,13.1,64.2,0.9606
3/19/2004,0:00:00,2,1287,-200,8.9,936,126,918,106,1606,1040,12,69.7,0.9735
3/19/2004,1:00:00,1.6,1134,-200,6.6,840,103,1021,96,1501,917,11.9,71.1,0.9915
3/19/2004,2:00:00,0.9,999,-200,3.6,688,48,1229,63,1380,594,12.5,69.3,1.0029
3/19/2004,3:00:00,0.7,961,-200,2.5,622,-200,1382,-200,1301,430,12.5,67.5,0.9768
3/19/2004,4:00:00,-200,934,-200,1.8,569,20,1440,32,1280,397,12.3,67.7,0.9665
3/19/2004,5:00:00,0.5,913,-200,1.3,525,18,1620,28,1260,370,12.5,66.8,0.962
3/19/2004,6:00:00,0.7,969,-200,2.3,607,56,1373,61,1324,438,12.3,66.3,0.9487
3/19/2004,7:00:00,1.5,1182,-200,6.7,845,115,1054,99,1539,704,12.4,64.9,0.9332
3/19/2004,8:00:00,4.8,1740,-200,22.8,1372,320,671,157,2144,1476,13,61.6,0.9209
3/19/2004,9:00:00,6.2,1819,-200,31.3,1582,357,575,166,2456,1716,13.6,58.8,0.912
3/19/2004,10:00:00,4,1427,-200,19.2,1275,253,701,149,1980,1398,13.9,57.1,0.9032
3/19/2004,11:00:00,3.3,1390,-200,16.4,1191,218,759,135,1879,1268,14.5,54.4,0.8917
3/19/2004,12:00:00,2.8,1283,-200,14,1117,192,813,127,1751,1188,15.5,50.1,0.8744
3/19/2004,13:00:00,3,1304,-200,15.3,1157,176,793,122,1801,1171,16.1,47.6,0.8655
3/19/2004,14:00:00,3.3,1364,-200,16.7,1202,198,771,135,1875,1250,16.3,47.1,0.864
3/19/2004,15:00:00,3.5,1410,-200,19,1268,212,724,139,1957,1344,16.4,47.5,0.8791
3/19/2004,16:00:00,4,1476,-200,19.4,1280,249,708,147,1955,1378,16.1,50.2,0.9094
3/19/2004,17:00:00,4.6,1522,-200,20.9,1320,270,690,158,2005,1435,16,50.7,0.9142
3/19/2004,18:00:00,4.1,1442,-200,20.2,1301,231,704,146,1952,1372,15.8,50.3,0.8989
3/19/2004,19:00:00,4.5,1469,-200,21.7,1344,251,677,144,1997,1471,15.5,50.6,0.884
3/19/2004,20:00:00,3.9,1467,-200,19.8,1292,210,698,138,1942,1439,15.4,51.4,0.8956
3/19/2004,21:00:00,4,1421,-200,16.7,1202,249,748,143,1854,1429,15.2,53.1,0.9117
3/19/2004,22:00:00,2.2,1175,-200,9.1,945,143,904,116,1604,1081,14.7,57.6,0.9573
3/19/2004,23:00:00,2.1,1215,-200,8.3,912,127,948,109,1547,993,14.2,58.3,0.938
3/20/2004,0:00:00,1.7,1127,-200,5.8,802,104,1064,92,1447,837,13.8,57.9,0.9085
3/20/2004,1:00:00,1.6,1090,-200,5.2,773,86,1105,83,1429,761,13.9,55.9,0.8842
3/20/2004,2:00:00,1.3,1017,-200,4.1,718,74,1182,81,1382,650,13.9,55.6,0.8765
3/20/2004,3:00:00,1.3,997,-200,3.4,677,-200,1252,-200,1359,591,13.8,55.1,0.8666
3/20/2004,4:00:00,-200,945,-200,2.9,646,44,1308,55,1332,505,13.8,54.6,0.8574
3/20/2004,5:00:00,0.8,956,-200,3.1,661,42,1260,53,1351,518,13.6,55.1,0.856
3/20/2004,6:00:00,0.8,966,-200,2.5,622,63,1317,67,1342,571,13.6,59,0.9129
3/20/2004,7:00:00,1.1,1064,-200,4.3,728,115,1161,91,1461,842,13.5,58.4,0.896
3/20/2004,8:00:00,2.1,1300,-200,8.9,935,170,902,113,1623,1145,13.8,58,0.9083
3/20/2004,9:00:00,2.4,1348,-200,10.5,998,147,834,102,1689,1218,14.6,53.1,0.8765
3/20/2004,10:00:00,2.6,1425,-200,12.5,1068,166,776,107,1764,1341,15,52.3,0.8881
3/20/2004,11:00:00,2.8,1474,-200,12.3,1061,195,768,113,1768,1406,15.4,52.1,0.9046
3/20/2004,12:00:00,2.6,1490,-200,11.7,1039,182,782,108,1757,1422,16.3,50,0.9158
3/20/2004,13:00:00,2.6,1495,-200,11.7,1040,168,809,105,1735,1373,17.1,47.9,0.9281
3/20/2004,14:00:00,2.1,1376,-200,9.3,953,125,900,93,1636,1153,19,42.9,0.937
3/20/2004,15:00:00,1.7,1305,-200,7.6,884,95,980,87,1573,927,19.5,42.3,0.9476
3/20/2004,16:00:00,1.6,1283,-200,6.7,844,79,1036,76,1539,766,19.5,42.3,0.9493
3/20/2004,17:00:00,2.1,1392,-200,9.7,967,119,930,94,1649,941,19.1,43.8,0.9556
3/20/2004,18:00:00,2.3,1452,-200,12.4,1063,142,856,110,1774,1146,18.5,46.3,0.9744
3/20/2004,19:00:00,3.5,1633,-200,16.6,1199,215,734,136,1919,1417,17.4,51.6,1.0159
3/20/2004,20:00:00,3.9,1625,-200,16.4,1191,229,733,139,1885,1442,17.1,51.3,0.9914
3/20/2004,21:00:00,3.3,1535,-200,13.7,1108,206,785,125,1820,1323,16.4,53.8,0.9964
3/20/2004,22:00:00,2.3,1323,-200,9.9,973,147,864,111,1712,1125,16.2,55.4,1.0132
3/20/2004,23:00:00,2.1,1309,-200,8.9,937,122,905,97,1672,1036,15.9,57.7,1.0356
3/21/2004,0:00:00,2.8,1456,-200,10.6,999,175,835,107,1714,1202,15.7,58.6,1.0396
3/21/2004,1:00:00,2.1,1300,-200,7.4,872,133,941,90,1577,1054,15.1,60.9,1.0398
3/21/2004,2:00:00,1.6,1203,-200,6.2,823,89,1004,84,1526,903,15.6,56.6,0.9951
3/21/2004,3:00:00,1.6,1195,-200,6.5,836,-200,987,-200,1554,885,15.2,57.9,0.9941
3/21/2004,4:00:00,-200,1117,-200,5.8,802,85,1029,87,1539,818,15.4,57.8,1.0021
3/21/2004,5:00:00,1.1,1062,-200,4,711,55,1136,66,1461,700,14.9,60.6,1.0196
3/21/2004,6:00:00,0.7,947,-200,2.1,594,24,1300,36,1390,580,14.5,63,1.0316
3/21/2004,7:00:00,0.8,1065,-200,3.6,687,72,1143,62,1492,815,14.2,66.2,1.063
3/21/2004,8:00:00,1.2,1155,-200,4.4,734,122,1062,91,1528,1035,14.5,65.3,1.0704
3/21/2004,9:00:00,1.4,1220,-200,5.4,782,111,996,89,1560,1067,15.3,62.1,1.073
3/21/2004,10:00:00,1.7,1301,-200,7.1,862,123,914,93,1633,1114,16.3,59,1.0868
3/21/2004,11:00:00,1.8,1279,-200,7.3,870,106,911,81,1646,1000,18.9,49.6,1.07
3/21/2004,12:00:00,1.8,1267,-200,7.6,883,103,953,82,1617,906,19.4,46.1,1.0249
3/21/2004,13:00:00,1.9,1239,-200,6.8,848,102,981,80,1568,822,20.8,41.6,1.0091
3/21/2004,14:00:00,1.3,1128,-200,4.6,742,48,1144,48,1507,610,21.4,40.3,1.0126
3/21/2004,15:00:00,1.6,1243,-200,8.4,916,63,962,61,1669,657,21.2,39.3,0.9791
3/21/2004,16:00:00,1.9,1208,-200,6.9,853,98,1060,89,1506,647,20.3,38,0.8942
3/21/2004,17:00:00,2.3,1306,-200,9,938,132,961,105,1607,762,19.4,41.3,0.9206
3/21/2004,18:00:00,3.8,1546,-200,15.1,1151,173,769,116,1874,1122,18.5,43.8,0.9252
3/21/2004,19:00:00,3.5,1501,-200,12.6,1071,185,823,119,1744,1130,17.8,48.1,0.9689
3/21/2004,20:00:00,4.3,1605,-200,15.1,1153,266,769,144,1840,1637,17.9,46.9,0.952
3/21/2004,21:00:00,2.8,1316,-200,9.9,974,188,883,123,1673,1272,17.4,49.1,0.9688
3/21/2004,22:00:00,1.9,1195,-200,8,898,122,933,105,1594,1098,17,51.7,0.9914
3/21/2004,23:00:00,1.9,1211,-200,7.9,896,112,920,93,1624,1066,16.4,55.1,1.0198
3/22/2004,0:00:00,1.7,1161,-200,6.1,815,93,995,86,1582,909,16.1,60,1.0919
3/22/2004,1:00:00,1.5,1095,-200,5.1,767,74,1050,76,1547,818,15.8,60.5,1.0805
3/22/2004,2:00:00,0.6,897,-200,1.7,563,23,1417,33,1355,472,16.3,57,1.0491
3/22/2004,3:00:00,0.4,842,-200,0.7,468,-200,1813,-200,1274,394,16.9,53.9,1.0309
3/22/2004,4:00:00,-200,854,-200,0.8,481,17,1756,27,1304,396,16.1,55.9,1.0153
3/22/2004,5:00:00,0.3,845,-200,0.7,472,15,1786,23,1278,378,16.5,53.9,1.0049
3/22/2004,6:00:00,0.6,942,-200,2,586,41,1480,46,1373,432,16.4,54,0.9979
3/22/2004,7:00:00,1.2,1090,-200,5.1,768,86,1072,76,1538,699,15.7,57.6,1.0195
3/22/2004,8:00:00,3.6,1514,-200,17.7,1230,226,732,116,1996,1252,15.8,53.7,0.9571
3/22/2004,9:00:00,3.7,1379,-200,18.4,1252,214,711,115,1962,1237,17.4,42.1,0.8281
3/22/2004,10:00:00,1.8,1074,-200,6.9,854,115,1032,83,1484,772,17.9,38.4,0.7793
3/22/2004,11:00:00,1.6,1090,-200,7.3,868,124,1026,87,1509,766,18.5,36.7,0.7764
3/22/2004,12:00:00,1.9,1110,-200,9.6,964,122,947,90,1577,829,21,29.6,0.7263
3/22/2004,13:00:00,2,1102,-200,10.4,994,107,955,87,1599,783,21.3,28.1,0.7067
3/22/2004,14:00:00,2.2,1100,-200,11.2,1021,133,952,99,1607,822,21.3,26.1,0.6539
3/22/2004,15:00:00,2.1,1094,-200,10.7,1003,130,965,99,1574,813,21.3,26.8,0.6681
3/22/2004,16:00:00,2.3,1076,451,11.6,1034,150,964,101,1544,813,21.3,24.2,0.606
3/22/2004,17:00:00,2.6,1152,185,12.4,1062,138,928,103,1606,850,20.2,28.5,0.6682
3/22/2004,18:00:00,3.8,1407,426,18.3,1249,213,720,129,1932,1276,17,43.1,0.8264
3/22/2004,19:00:00,4.4,1438,672,21,1325,232,678,143,1993,1401,15.6,47.4,0.8347
3/22/2004,20:00:00,4.5,1425,624,21,1325,238,678,146,1965,1356,15.3,47.4,0.8178
3/22/2004,21:00:00,3.3,1279,325,14.5,1131,180,775,124,1758,1243,14.5,49.7,0.8177
3/22/2004,22:00:00,2,1132,143,8.4,916,128,920,113,1561,1083,13.9,52,0.8231
3/22/2004,23:00:00,1.1,1006,89,4.3,729,65,1142,80,1370,795,14.5,49.4,0.8106
3/23/2004,0:00:00,0.9,982,73,3.8,700,53,1204,72,1359,735,13.8,51.4,0.8071
3/23/2004,1:00:00,0.8,969,48,2.7,636,47,1271,64,1309,684,14,51.3,0.8163
3/23/2004,2:00:00,0.7,941,47,2.5,621,51,1298,70,1330,714,13,56.8,0.8444
3/23/2004,3:00:00,0.5,892,36,1.2,522,-200,1522,-200,1285,456,11,70,0.9215
3/23/2004,4:00:00,-200,855,25,0.8,478,20,1701,31,1261,401,10.1,76.8,0.9483
3/23/2004,5:00:00,0.3,834,19,0.6,459,13,1908,22,1212,361,8.8,80.5,0.9147
3/23/2004,6:00:00,0.5,909,26,1.8,567,33,1542,47,1287,418,9.6,75.4,0.9004
3/23/2004,7:00:00,1.1,1061,60,4.6,745,103,1178,88,1429,616,9.8,75,0.9093
3/23/2004,8:00:00,3,1441,248,14.2,1124,224,851,130,1829,1089,10,74.2,0.9117
3/23/2004,9:00:00,3.8,1498,535,21,1325,244,684,132,2095,1329,11.2,69.7,0.9232
3/23/2004,10:00:00,3.4,1343,340,16.2,1185,237,760,132,1857,1311,12,62.9,0.8803
3/23/2004,11:00:00,3,1308,325,15.5,1166,220,792,131,1794,1236,12.8,55.8,0.821
3/23/2004,12:00:00,2.7,1209,267,13.4,1097,207,837,129,1746,1147,13.1,54.8,0.8234
3/23/2004,13:00:00,3.5,1310,325,16.9,1207,208,770,132,1847,1301,13.8,53.4,0.8351
3/23/2004,14:00:00,2.8,1171,268,12.4,1064,160,881,110,1639,1097,16,42.4,0.7674
3/23/2004,15:00:00,1.9,1112,136,10.1,980,131,924,99,1589,900,14.1,49.8,0.7971
3/23/2004,16:00:00,2,1132,118,8.7,927,128,944,100,1570,781,12,61.1,0.8537
3/23/2004,17:00:00,3,1225,276,13.8,1111,176,818,122,1719,1013,13.6,54.6,0.8465
3/23/2004,18:00:00,1.9,1065,151,9.3,953,107,962,97,1514,790,13.7,49.5,0.7695
3/23/2004,19:00:00,2.7,1236,236,13,1084,131,854,112,1688,1059,11.7,57.1,0.7822
3/23/2004,20:00:00,3.3,1309,220,14.3,1126,166,812,128,1722,1205,11.5,58.2,0.7867
3/23/2004,21:00:00,1.7,1089,87,7.6,884,89,1006,101,1487,975,12.6,54.2,0.7881
3/23/2004,22:00:00,1.3,1000,81,5.3,776,81,1141,96,1375,896,12,54.9,0.7664
3/23/2004,23:00:00,1.3,1041,74,5.4,782,78,1105,86,1425,911,11,61.4,0.8057
3/24/2004,0:00:00,1.2,1045,55,4.9,756,70,1137,85,1411,902,11.1,62.2,0.8199
3/24/2004,1:00:00,1.1,997,74,4.6,744,76,1151,79,1405,832,10.8,62.5,0.8082
3/24/2004,2:00:00,0.9,948,35,2.7,634,43,1320,61,1326,715,11.3,60,0.8025
3/24/2004,3:00:00,0.6,878,29,1.6,551,-200,1493,-200,1272,683,10.6,61.6,0.7856
3/24/2004,4:00:00,-200,908,29,1.7,559,44,1477,66,1287,721,10.2,62.7,0.7813
3/24/2004,5:00:00,0.6,892,20,1.2,522,34,1572,54,1255,648,10.9,58.6,0.7628
3/24/2004,6:00:00,0.8,954,32,1.7,561,43,1496,57,1255,612,10.8,57.2,0.7382
3/24/2004,7:00:00,1.2,1045,84,4.8,751,79,1186,75,1403,800,10.4,59.2,0.7455
3/24/2004,8:00:00,3.1,1383,245,13.8,1109,174,832,97,1706,1173,11,57.3,0.7501
3/24/2004,9:00:00,4.4,1597,553,23.7,1395,235,652,110,2080,1519,11.2,56.9,0.7565
3/24/2004,10:00:00,3.4,1318,450,14.2,1124,218,762,113,1770,1287,12.1,54.9,0.7734
3/24/2004,11:00:00,1.7,1138,118,8,898,136,950,88,1505,966,15.1,44.3,0.7535
3/24/2004,12:00:00,1.5,1098,118,6.7,842,117,1012,85,1440,828,15.6,40.6,0.7146
3/24/2004,13:00:00,1.7,1118,144,8.7,927,119,959,96,1477,825,16.9,34.6,0.6597
3/24/2004,14:00:00,2.2,1170,159,10.8,1009,126,879,106,1566,872,16.6,35.6,0.6697
3/24/2004,15:00:00,-200,1112,122,6.7,842,100,1015,91,1494,680,11.3,63.9,0.8554
3/24/2004,16:00:00,2.7,1390,230,11.4,1028,197,829,126,1730,1002,9.6,81.1,0.972
3/24/2004,17:00:00,2.8,1353,320,13.4,1096,195,774,130,1783,1159,11.7,69.1,0.9497
3/24/2004,18:00:00,2.7,1260,263,12,1050,156,828,111,1722,979,10.7,68.5,0.8794
3/24/2004,19:00:00,4.5,1501,556,20.2,1302,247,681,134,2008,1311,10.7,67.3,0.8643
3/24/2004,20:00:00,3.5,1273,458,14.4,1130,190,795,136,1744,1071,10.8,65.7,0.8486
3/24/2004,21:00:00,2.6,1179,214,9.4,955,169,928,125,1571,899,10.3,66.3,0.8336
3/24/2004,22:00:00,1.7,1047,97,5.9,809,118,1064,108,1435,766,10.1,66.9,0.8248
3/24/2004,23:00:00,1.3,973,79,4.5,739,81,1186,87,1354,589,10.4,61.1,0.7717
3/25/2004,0:00:00,1.3,997,81,4.5,737,80,1168,89,1341,631,10.3,59.9,0.7516
3/25/2004,1:00:00,1,970,52,2.5,621,42,1400,58,1249,479,11,58.4,0.7686
3/25/2004,2:00:00,0.7,902,38,1.8,568,38,1450,54,1253,479,9.1,68.1,0.789
3/25/2004,3:00:00,0.7,921,35,1.4,538,-200,1564,-200,1224,417,9.5,68.2,0.8091
3/25/2004,4:00:00,0.5,858,29,0.9,490,18,1707,28,1212,378,9.3,72.3,0.8496
3/25/2004,5:00:00,0.5,878,21,0.6,457,12,1935,20,1158,344,9.9,66.8,0.8152
3/25/2004,6:00:00,0.6,893,46,1.4,540,43,1604,51,1268,413,7.6,83.2,0.8695
3/25/2004,7:00:00,1.1,1038,55,3.8,697,84,1260,82,1383,605,8.1,79,0.8544
3/25/2004,8:00:00,2.7,1320,271,11.6,1035,184,902,112,1721,991,8.7,74.6,0.8429
3/25/2004,9:00:00,3.5,1353,434,17.8,1235,202,740,119,1937,1175,8.6,75.1,0.8415
3/25/2004,10:00:00,2.3,1133,300,8.8,933,133,969,99,1552,923,9.7,69.7,0.8389
3/25/2004,11:00:00,1.6,1066,116,6.8,849,130,1039,98,1468,829,11,64.4,0.8447
3/25/2004,12:00:00,1.3,1027,95,5.9,809,106,1081,88,1442,733,13.6,53,0.8209
3/25/2004,13:00:00,2,1106,211,8.9,935,132,958,96,1570,819,14.2,48.4,0.778
3/25/2004,14:00:00,1.9,1038,168,8.2,907,106,976,81,1492,723,14.2,46.3,0.7438
3/25/2004,15:00:00,1.9,1084,154,8.6,924,125,986,92,1501,786,16,41.3,0.7462
3/25/2004,16:00:00,2.2,1105,267,10.1,982,138,939,105,1545,850,17.7,35.4,0.7094
3/25/2004,17:00:00,2,1102,143,9.4,957,120,968,88,1527,820,17.1,37.4,0.7225
3/25/2004,18:00:00,2.9,1240,374,14.6,1137,158,836,103,1748,991,14.9,40.5,0.6835
3/25/2004,19:00:00,5.2,1443,797,24.6,1418,253,666,141,2060,1454,13.4,47.8,0.7293
3/25/2004,20:00:00,4.6,1389,698,21.6,1341,231,692,133,1982,1488,12.6,52.5,0.7642
3/25/2004,21:00:00,2.5,1183,234,10.3,989,150,904,119,1539,1205,12.2,53.2,0.7555
3/25/2004,22:00:00,1.5,1014,104,5.7,798,99,1083,106,1376,909,10.6,56.1,0.714
3/25/2004,23:00:00,1.2,979,67,4.5,736,75,1154,92,1324,769,9.9,59.5,0.7276
3/26/2004,0:00:00,1.7,1048,88,5.5,787,93,1098,97,1373,835,9.6,61.1,0.7323
3/26/2004,1:00:00,1.4,1024,79,4.8,753,79,1131,91,1357,793,9.7,61.6,0.7425
3/26/2004,2:00:00,1.2,974,61,3.6,690,67,1208,83,1313,733,9.4,62.6,0.7398
3/26/2004,3:00:00,0.6,862,43,1.7,561,-200,1449,-200,1219,502,8.2,68.5,0.7455
3/26/2004,4:00:00,0.7,925,40,2.2,602,45,1398,59,1263,562,8,69.4,0.7459
3/26/2004,5:00:00,0.8,952,52,3,654,72,1210,73,1312,832,7.7,72.4,0.7655
3/26/2004,6:00:00,0.9,1005,64,4,713,103,1130,78,1363,924,8,71.8,0.7711
3/26/2004,7:00:00,1.6,1122,88,6.7,842,132,1015,90,1438,974,8.5,66.3,0.7375
3/26/2004,8:00:00,3.4,1351,375,16.7,1201,239,783,110,1828,1307,9.8,59.6,0.7214
3/26/2004,9:00:00,3.8,1408,592,19.3,1278,275,682,114,1928,1481,11.2,57,0.7544
3/26/2004,10:00:00,3.1,1304,357,14.8,1142,232,772,119,1747,1405,14.8,44.1,0.7407
3/26/2004,11:00:00,2.7,1207,296,13.4,1098,180,826,121,1664,1195,16.8,35.3,0.6729
3/26/2004,12:00:00,2,1099,181,11,1014,112,948,97,1503,868,19.2,27.1,0.5976
3/26/2004,13:00:00,2.3,1106,211,12.5,1068,116,915,99,1535,874,19.1,26.2,0.5741
3/26/2004,14:00:00,1.9,1009,199,8.4,916,103,1015,85,1391,738,16.3,30.8,0.5683
3/26/2004,15:00:00,1.3,962,81,5.3,776,89,1152,75,1279,550,14.2,36.8,0.5922
3/26/2004,16:00:00,1.9,1093,143,8.8,933,112,976,87,1454,777,13.4,41,0.6292
3/26/2004,17:00:00,2.3,1180,247,11.2,1023,127,886,102,1588,966,14.2,43.3,0.6982
3/26/2004,18:00:00,2.4,1168,239,11.6,1037,125,868,105,1580,990,12.1,45.6,0.6403
3/26/2004,19:00:00,2.7,1168,267,12.4,1063,120,876,98,1540,944,10.4,48,0.6046
3/26/2004,20:00:00,2.6,1140,261,10.6,1000,120,916,93,1490,962,10,51.1,0.628
3/26/2004,21:00:00,1.5,1001,97,6,811,99,1097,91,1308,778,9.8,50.8,0.6172
3/26/2004,22:00:00,1.2,953,66,4.6,743,79,1185,85,1252,690,9.7,50.4,0.6063
3/26/2004,23:00:00,1.1,972,60,4.1,715,66,1237,74,1258,644,9.9,50.2,0.6103
3/27/2004,0:00:00,1.5,1021,77,5.2,776,94,1144,87,1307,753,9.4,53.4,0.63
3/27/2004,1:00:00,1,940,57,3.2,664,70,1290,79,1232,646,8.6,57.8,0.6488
3/27/2004,2:00:00,1.2,1046,65,4.5,736,75,1142,78,1312,838,8.1,62.1,0.6746
3/27/2004,3:00:00,1.1,1026,59,3.8,699,-200,1191,-200,1292,851,7.9,63.5,0.6777
3/27/2004,4:00:00,-200,983,48,3.8,698,57,1209,63,1296,801,7.4,64.8,0.6683
3/27/2004,5:00:00,0.8,915,27,1.9,578,32,1417,48,1212,665,8.2,58.9,0.6444
3/27/2004,6:00:00,0.9,935,25,2.4,615,54,1373,59,1250,717,6.3,66.6,0.641
3/27/2004,7:00:00,1.1,976,42,3.3,669,68,1270,65,1266,795,7.2,62.9,0.6396
3/27/2004,8:00:00,1.5,1124,78,6.7,842,98,1050,71,1418,936,7.2,63.9,0.65
3/27/2004,9:00:00,1.8,1163,128,8.5,919,128,922,84,1530,1076,11.1,50.5,0.6654
3/27/2004,10:00:00,2.1,1167,184,9.7,966,129,942,93,1520,1016,15.5,36.1,0.6313
3/27/2004,11:00:00,2.1,1121,156,9.4,955,130,992,99,1451,834,17.8,29.2,0.592
3/27/2004,12:00:00,1.9,1071,176,9,940,111,994,93,1449,756,17.6,30.1,0.6013
3/27/2004,13:00:00,2.1,1065,232,10,979,106,950,96,1467,766,19.1,26.8,0.5861
3/27/2004,14:00:00,2.5,1157,305,12.6,1072,137,888,114,1596,905,17.7,28.6,0.5735
3/27/2004,15:00:00,1.9,1046,150,7.6,883,113,1051,101,1357,765,17.8,28.4,0.5737
3/27/2004,16:00:00,2.2,1147,188,11.8,1042,122,934,108,1538,830,18.7,26,0.5555
3/27/2004,17:00:00,2.3,1119,221,11.2,1022,137,916,117,1508,853,17.1,31.3,0.6038
3/27/2004,18:00:00,2.7,1210,219,12.4,1062,165,886,125,1586,981,15.8,36.1,0.644
3/27/2004,19:00:00,3,1306,306,12.9,1079,196,827,133,1621,1286,14.7,40.1,0.6657
3/27/2004,20:00:00,2.8,1258,270,12.2,1057,174,841,119,1633,1244,13.6,44.9,0.6991
3/27/2004,21:00:00,2.2,1148,231,8.8,930,140,948,107,1475,1056,12.5,48.1,0.6946
3/27/2004,22:00:00,1.6,1108,125,6.8,848,102,1023,96,1421,1003,11.8,50.8,0.7042
3/27/2004,23:00:00,2.1,1231,122,8.6,924,130,906,105,1483,1245,10.9,56.1,0.7326
3/28/2004,0:00:00,2.3,1293,161,8.9,937,121,930,102,1464,1200,10.9,55.9,0.7277
3/28/2004,1:00:00,2.3,1274,101,8.3,912,111,939,97,1451,1188,10.3,58.1,0.7278
3/28/2004,2:00:00,1.7,1135,95,6.3,827,87,1013,79,1395,1070,9.3,62.2,0.7294
3/28/2004,3:00:00,2.2,1151,129,8.3,911,-200,935,-200,1501,1075,8.2,66.7,0.7276
3/28/2004,4:00:00,1.3,1010,96,5.1,769,77,1110,69,1396,895,8.3,64.9,0.7124
3/28/2004,5:00:00,0.8,870,54,2.6,626,39,1325,52,1284,755,9.6,58.5,0.7
3/28/2004,6:00:00,1.1,983,63,3.6,688,77,1251,62,1342,806,7.7,66.4,0.699
3/28/2004,7:00:00,1.4,995,72,3.6,691,91,1219,69,1321,836,7.4,68,0.7043
3/28/2004,8:00:00,1.3,1024,91,4.7,747,105,1136,75,1382,897,9.7,58.6,0.7035
3/28/2004,9:00:00,1.9,1163,127,7.5,880,133,959,83,1486,1073,12.5,50.1,0.7242
3/28/2004,10:00:00,2.3,1218,193,9,938,128,918,94,1501,1088,16.8,36.9,0.7018
3/28/2004,11:00:00,2.3,1210,188,9.5,958,126,933,96,1514,1036,19.2,31.3,0.6887
3/28/2004,12:00:00,1.8,1114,151,7.7,887,92,1020,86,1438,768,21.3,26.4,0.6607
3/28/2004,13:00:00,1.4,995,103,5.7,796,66,1159,72,1287,587,21.2,23.1,0.5768
3/28/2004,14:00:00,1,927,55,3.8,700,50,1285,53,1189,452,18.6,25,0.5319
3/28/2004,15:00:00,1.4,1002,104,4.8,754,70,1189,65,1260,470,18,27.3,0.5594
3/28/2004,16:00:00,1.3,987,116,4.3,727,73,1213,70,1244,502,18.2,28.3,0.5848
3/28/2004,17:00:00,1.3,993,93,4.1,714,77,1217,75,1238,516,17,31.4,0.6048
3/28/2004,18:00:00,1.4,1012,93,4.7,746,86,1174,86,1301,555,15.6,35,0.617
3/28/2004,19:00:00,1.9,1114,155,6.2,823,93,1068,94,1357,671,14.1,40.2,0.6438
3/28/2004,20:00:00,1.8,1093,115,5.5,789,105,1102,103,1329,788,13.4,43.2,0.6623
3/28/2004,21:00:00,1.1,968,75,3.3,669,67,1261,81,1246,538,12.3,46.8,0.6686
3/28/2004,22:00:00,1.1,960,65,3.2,666,63,1266,80,1224,544,11.9,46.5,0.6449
3/28/2004,23:00:00,1.1,942,57,2.9,648,63,1300,77,1204,500,11.5,46.6,0.6319
3/29/2004,0:00:00,0.9,888,40,2.2,598,46,1396,58,1156,417,10.6,48,0.6135
3/29/2004,1:00:00,0.6,818,27,1.3,524,21,1588,31,1071,341,10.7,45.8,0.5895
3/29/2004,2:00:00,0.5,840,23,1.1,509,22,1643,38,1076,352,10.4,46.6,0.5901
3/29/2004,3:00:00,0.7,894,28,1.3,524,-200,1557,-200,1095,397,10.1,47.8,0.5913
3/29/2004,4:00:00,0.6,864,21,1.2,516,39,1496,59,1153,502,11.3,46.9,0.628
3/29/2004,5:00:00,0.7,898,33,1.7,559,55,1441,70,1180,648,10.1,51.2,0.6341
3/29/2004,6:00:00,0.9,946,40,2.9,643,76,1309,75,1232,760,9.9,50.7,0.6167
3/29/2004,7:00:00,2.9,1309,279,14.3,1125,181,844,103,1687,1183,8.1,56.8,0.615
3/29/2004,8:00:00,4.1,1326,743,19.7,1289,259,714,134,1806,1431,10.9,44.1,0.5748
3/29/2004,9:00:00,1.5,966,147,5.5,786,118,1111,98,1258,705,11.8,37.6,0.5184
3/29/2004,10:00:00,1.5,975,97,5.6,793,119,1133,97,1254,637,13.9,33.2,0.5222
3/29/2004,11:00:00,1.5,988,118,5.8,803,123,1105,98,1293,658,15.6,30.1,0.5285
3/29/2004,12:00:00,1.4,971,91,5.5,786,92,1129,78,1272,546,16.5,29,0.5406
3/29/2004,13:00:00,1.6,1010,146,6.5,833,91,1070,83,1332,561,17.5,27.9,0.5517
3/29/2004,14:00:00,1.5,984,139,5.5,790,103,1131,92,1268,532,17.9,26.8,0.5446
3/29/2004,15:00:00,1.4,962,155,5.2,776,102,1131,81,1247,535,18.2,26.1,0.5387
3/29/2004,16:00:00,1.5,1012,128,5.8,801,94,1098,90,1289,525,18,27.1,0.5522
3/29/2004,17:00:00,1.9,1058,166,7.9,896,98,996,95,1358,603,17,28.9,0.5558
3/29/2004,18:00:00,2.5,1173,299,10.2,985,126,905,114,1477,802,16.1,31.3,0.568
3/29/2004,19:00:00,2.1,1127,163,8.2,907,108,957,106,1404,796,14.5,35.4,0.5839
3/29/2004,20:00:00,1.6,1020,154,5.7,797,95,1066,99,1302,689,13.2,37.9,0.5733
3/29/2004,21:00:00,1.2,949,80,3.8,700,78,1221,90,1178,553,13.1,34.4,0.517
3/29/2004,22:00:00,1.1,930,58,4,710,61,1278,82,1137,509,13.5,28.5,0.4405
3/29/2004,23:00:00,1,900,55,2.8,643,55,1339,74,1089,455,12.4,31.9,0.4583
3/30/2004,0:00:00,1,899,33,2.6,630,57,1418,76,1050,425,13.1,26.8,0.4023
3/30/2004,1:00:00,0.7,866,33,1.8,569,41,1468,66,1055,436,11.6,33.6,0.4595
3/30/2004,2:00:00,0.7,900,32,1.7,563,46,1402,73,1130,618,10.5,42.9,0.5442
3/30/2004,3:00:00,0.8,949,25,1.4,540,-200,1457,-200,1104,747,11.7,38.7,0.5298
3/30/2004,4:00:00,-200,897,29,1.3,529,41,1462,69,1101,693,12.2,37.2,0.5277
3/30/2004,5:00:00,0.7,956,26,2.3,605,52,1341,71,1117,691,12.9,33.9,0.5037
3/30/2004,6:00:00,1.1,1054,86,5.3,779,111,1080,98,1266,1013,11.3,40.3,0.5376
3/30/2004,7:00:00,2.6,1343,294,13.4,1096,191,839,115,1587,1311,11.9,38.4,0.5341
3/30/2004,8:00:00,4,1584,664,23.8,1399,244,642,130,1947,1675,13.3,35.6,0.5416
3/30/2004,9:00:00,4.2,1556,695,21.5,1337,283,674,150,1852,1689,16.3,28.8,0.5305
3/30/2004,10:00:00,4.7,1565,735,21,1324,320,695,159,1872,1688,17.9,28.2,0.5741
3/30/2004,11:00:00,3.9,1429,649,18.4,1251,249,734,146,1754,1548,18.3,26.6,0.5529
3/30/2004,12:00:00,3.7,1419,586,18.9,1267,219,742,138,1763,1490,20.8,22.5,0.5463
3/30/2004,13:00:00,3.4,1373,546,17.1,1213,200,791,128,1711,1354,22.4,20,0.5352
3/30/2004,14:00:00,2.2,1185,245,10.4,992,138,942,97,1448,1014,20.9,21.7,0.5295
3/30/2004,15:00:00,1.9,1122,178,8,897,118,991,91,1372,831,19.1,26.5,0.579
3/30/2004,16:00:00,1.6,1085,130,6.2,820,99,1060,81,1325,699,18.1,30.6,0.6295
3/30/2004,17:00:00,2.1,1249,151,9.7,968,112,874,99,1527,926,17.3,34.7,0.6788
3/30/2004,18:00:00,2.2,1236,272,9.6,962,117,853,101,1532,928,15.8,40.4,0.7228
3/30/2004,19:00:00,2.7,1334,301,11.9,1047,129,815,106,1638,1038,15.9,42,0.7541
3/30/2004,20:00:00,2.4,1264,237,8.7,928,132,884,102,1534,1035,15.9,43.5,0.779
3/30/2004,21:00:00,1.3,1073,95,4.7,746,73,1072,84,1360,789,15,46.1,0.7833
3/30/2004,22:00:00,1.2,1053,68,3.8,701,68,1147,81,1323,692,15.1,44.6,0.7574
3/30/2004,23:00:00,1.5,1098,101,4.7,747,80,1094,91,1360,764,14.9,43.5,0.7302
3/31/2004,0:00:00,1.3,1029,81,3.8,702,68,1180,82,1287,639,14.8,41,0.685
3/31/2004,1:00:00,1,973,50,2.7,631,44,1287,64,1240,541,14.8,40.8,0.6814
3/31/2004,2:00:00,0.9,972,66,2.8,639,47,1222,70,1256,678,14.8,40.8,0.6834
3/31/2004,3:00:00,0.5,832,22,1,496,-200,1613,-200,1066,381,14.2,36.1,0.5823
3/31/2004,4:00:00,0.5,851,18,0.8,477,15,1699,26,1064,343,14.5,36.1,0.5928
3/31/2004,5:00:00,0.6,909,31,1.5,545,44,1473,58,1131,436,14.6,36,0.5947
3/31/2004,6:00:00,1,1038,57,3.5,684,85,1220,93,1279,688,14.4,38.5,0.6291
3/31/2004,7:00:00,3.1,1636,342,15.6,1168,207,721,110,1926,1438,13.8,58.2,0.9129
3/31/2004,8:00:00,4.1,1580,644,19.9,1295,230,639,115,1957,1489,13.2,61.1,0.9256
3/31/2004,9:00:00,2.2,1262,216,8.6,924,181,872,125,1576,1093,10.4,74.4,0.9384
3/31/2004,10:00:00,1.7,1197,117,6.5,837,144,957,118,1498,965,11.5,71,0.9582
3/31/2004,11:00:00,1.9,1277,156,7.7,886,140,902,109,1579,1004,12.2,70,0.9924
3/31/2004,12:00:00,2.9,1430,332,11.3,1025,204,779,123,1772,1166,12.3,73.3,1.0442
3/31/2004,13:00:00,2.2,1242,232,9.1,944,149,846,114,1638,991,11.3,78.1,1.0411
